Workbook
Name all: PDF!$B$65:$D$75,PDF!$G$65:$I$65,PDF!$B$7:$D$56,PDF!$G$8:$I$59
Name bottom: PDF!$B$65:$D$75,PDF!$G$65:$I$65
Name IQ_CH: 110000
Name IQ_CQ: 5000
Name IQ_CY: 10000
Name IQ_DAILY: 500000
Name IQ_FH: 100000
Name IQ_FQ: 500
Name IQ_FY: 1000
Name IQ_LTM: 2000
Name IQ_MONTH: 15000
Name IQ_NTM: 6000
Name IQ_WEEK: 50000
Name IQ_YTD: 3000
Name left: PDF!$B$7:$D$56
Name rConvRate: [1]Control!$L$24
Name right: PDF!$G$8:$I$59

Sheet PDF
A3: WORLD OFFICIAL GOLD HOLDINGS
A4: =CONCATENATE("International Financial Statistics, ",TEXT(NOW(),"mmmm yyyy"),"*") -> International Financial Statistics, October 2025*
C6: Tonnes | D6: % of reserves** | E6: Holdings as of | H6: Tonnes | I6: % of reserves** | J6: Holdings as of
A7: 1 | B7: =INDEX([1]Master!$A:$A,MATCH(PDF!$A7,[1]Master!$H:$H,0)) -> United States | C7: =INDEX([1]Master!$C:$C,MATCH(PDF!$A7,[1]Master!$H:$H,0)) -> 8133.4617 | D7: =IFERROR(INDEX([1]Master!$G:$G,MATCH(PDF!$A7,[1]Master!$H:$H,0)),"1)") -> 0.78730876 | E7: =INDEX([1]Master!$J:$J, MATCH(PDF!$B7,[1]Master!$A:$A,0)) -> 45898 | F7: 51 | G7: =INDEX([1]Master!$A:$A,MATCH(PDF!$F7,[1]Master!$H:$H,0)) -> Pakistan | H7: =INDEX([1]Master!$C:$C,MATCH(PDF!$F7,[1]Master!$H:$H,0)) -> 64.753392 | I7: =IFERROR(INDEX([1]Master!$G:$G,MATCH(PDF!$F7,[1]Master!$H:$H,0)),"1)") -> 0.31318652 | J7: =INDEX([1]Master!$J:$J,MATCH(PDF!$G7,[1]Master!$A:$A,0)) -> 45898
A8: 2 | B8: =INDEX([1]Master!$A:$A,MATCH(PDF!$A8,[1]Master!$H:$H,0)) -> Germany | C8: =INDEX([1]Master!$C:$C,MATCH(PDF!$A8,[1]Master!$H:$H,0)) -> 3350.2535 | D8: =IFERROR(INDEX([1]Master!$G:$G,MATCH(PDF!$A8,[1]Master!$H:$H,0)),"1)") -> 0.7862658 | E8: =INDEX([1]Master!$J:$J, MATCH(PDF!$B8,[1]Master!$A:$A,0)) -> 45898 | F8: 52 | G8: =INDEX([1]Master!$A:$A,MATCH(PDF!$F8,[1]Master!$H:$H,0)) -> Argentina | H8: =INDEX([1]Master!$C:$C,MATCH(PDF!$F8,[1]Master!$H:$H,0)) -> 61.738739 | I8: =IFERROR(INDEX([1]Master!$G:$G,MATCH(PDF!$F8,[1]Master!$H:$H,0)),"1)") -> 0.1700376 | J8: =INDEX([1]Master!$J:$J,MATCH(PDF!$G8,[1]Master!$A:$A,0)) -> 45898
A9: 3 | B9: =INDEX([1]Master!$A:$A,MATCH(PDF!$A9,[1]Master!$H:$H,0)) -> IMF | C9: =INDEX([1]Master!$C:$C,MATCH(PDF!$A9,[1]Master!$H:$H,0)) -> 2814.0421 | D9: =IFERROR(INDEX([1]Master!$G:$G,MATCH(PDF!$A9,[1]Master!$H:$H,0)),"1)") -> 1) | E9: =INDEX([1]Master!$J:$J, MATCH(PDF!$B9,[1]Master!$A:$A,0)) -> 45838 | F9: 53 | G9: =INDEX([1]Master!$A:$A,MATCH(PDF!$F9,[1]Master!$H:$H,0)) -> Cambodia | H9: =INDEX([1]Master!$C:$C,MATCH(PDF!$F9,[1]Master!$H:$H,0)) -> 54.42918 | I9: =IFERROR(INDEX([1]Master!$G:$G,MATCH(PDF!$F9,[1]Master!$H:$H,0)),"1)") -> 0.23955736 | J9: =INDEX([1]Master!$J:$J,MATCH(PDF!$G9,[1]Master!$A:$A,0)) -> 45838
A10: 4 | B10: =INDEX([1]Master!$A:$A,MATCH(PDF!$A10,[1]Master!$H:$H,0)) -> Italy | C10: =INDEX([1]Master!$C:$C,MATCH(PDF!$A10,[1]Master!$H:$H,0)) -> 2451.8366 | D10: =IFERROR(INDEX([1]Master!$G:$G,MATCH(PDF!$A10,[1]Master!$H:$H,0)),"1)") -> 0.75362818 | E10: =INDEX([1]Master!$J:$J, MATCH(PDF!$B10,[1]Master!$A:$A,0)) -> 45898 | F10: 54 | G10: =INDEX([1]Master!$A:$A,MATCH(PDF!$F10,[1]Master!$H:$H,0)) -> Belarus, Rep. of4) | H10: =INDEX([1]Master!$C:$C,MATCH(PDF!$F10,[1]Master!$H:$H,0)) -> 53.867687 | I10: =IFERROR(INDEX([1]Master!$G:$G,MATCH(PDF!$F10,[1]Master!$H:$H,0)),"1)") -> 0.47895328 | J10: =INDEX([1]Master!$J:$J,MATCH(PDF!$G10,[1]Master!$A:$A,0)) -> 45898
A11: 5 | B11: =INDEX([1]Master!$A:$A,MATCH(PDF!$A11,[1]Master!$H:$H,0)) -> France | C11: =INDEX([1]Master!$C:$C,MATCH(PDF!$A11,[1]Master!$H:$H,0)) -> 2437.0004 | D11: =IFERROR(INDEX([1]Master!$G:$G,MATCH(PDF!$A11,[1]Master!$H:$H,0)),"1)") -> 0.75857484 | E11: =INDEX([1]Master!$J:$J, MATCH(PDF!$B11,[1]Master!$A:$A,0)) -> 45898 | F11: 55 | G11: =INDEX([1]Master!$A:$A,MATCH(PDF!$F11,[1]Master!$H:$H,0)) -> Serbia, Rep. of | H11: =INDEX([1]Master!$C:$C,MATCH(PDF!$F11,[1]Master!$H:$H,0)) -> 51.315304 | I11: =IFERROR(INDEX([1]Master!$G:$G,MATCH(PDF!$F11,[1]Master!$H:$H,0)),"1)") -> 0.16949297 | J11: =INDEX([1]Master!$J:$J,MATCH(PDF!$G11,[1]Master!$A:$A,0)) -> 45898
A12: 6 | B12: =INDEX([1]Master!$A:$A,MATCH(PDF!$A12,[1]Master!$H:$H,0)) -> Russian Federation | C12: =INDEX([1]Master!$C:$C,MATCH(PDF!$A12,[1]Master!$H:$H,0)) -> 2326.5217 | D12: =IFERROR(INDEX([1]Master!$G:$G,MATCH(PDF!$A12,[1]Master!$H:$H,0)),"1)") -> 0.37984132 | E12: =INDEX([1]Master!$J:$J, MATCH(PDF!$B12,[1]Master!$A:$A,0)) -> 45898 | F12: 56 | G12: =INDEX([1]Master!$A:$A,MATCH(PDF!$F12,[1]Master!$H:$H,0)) -> Finland | H12: =INDEX([1]Master!$C:$C,MATCH(PDF!$F12,[1]Master!$H:$H,0)) -> 43.762247 | I12: =IFERROR(INDEX([1]Master!$G:$G,MATCH(PDF!$F12,[1]Master!$H:$H,0)),"1)") -> 0.23309507 | J12: =INDEX([1]Master!$J:$J,MATCH(PDF!$G12,[1]Master!$A:$A,0)) -> 45898
A13: 7 | B13: =INDEX([1]Master!$A:$A,MATCH(PDF!$A13,[1]Master!$H:$H,0)) -> China, P.R.: Mainland | C13: =INDEX([1]Master!$C:$C,MATCH(PDF!$A13,[1]Master!$H:$H,0)) -> 2302.2612 | D13: =IFERROR(INDEX([1]Master!$G:$G,MATCH(PDF!$A13,[1]Master!$H:$H,0)),"1)") -> 0.069668544 | E13: =INDEX([1]Master!$J:$J, MATCH(PDF!$B13,[1]Master!$A:$A,0)) -> 45898 | F13: 57 | G13: =INDEX([1]Master!$A:$A,MATCH(PDF!$F13,[1]Master!$H:$H,0)) -> Bulgaria | H13: =INDEX([1]Master!$C:$C,MATCH(PDF!$F13,[1]Master!$H:$H,0)) -> 42.92557 | I13: =IFERROR(INDEX([1]Master!$G:$G,MATCH(PDF!$F13,[1]Master!$H:$H,0)),"1)") -> 0.094935734 | J13: =INDEX([1]Master!$J:$J,MATCH(PDF!$G13,[1]Master!$A:$A,0)) -> 45898
A14: 8 | B14: =INDEX([1]Master!$A:$A,MATCH(PDF!$A14,[1]Master!$H:$H,0)) -> Switzerland | C14: =INDEX([1]Master!$C:$C,MATCH(PDF!$A14,[1]Master!$H:$H,0)) -> 1039.9365 | D14: =IFERROR(INDEX([1]Master!$G:$G,MATCH(PDF!$A14,[1]Master!$H:$H,0)),"1)") -> 0.11358279 | E14: =INDEX([1]Master!$J:$J, MATCH(PDF!$B14,[1]Master!$A:$A,0)) -> 45869 | F14: 58 | G14: =INDEX([1]Master!$A:$A,MATCH(PDF!$F14,[1]Master!$H:$H,0)) -> Kyrgyz Rep. | H14: =INDEX([1]Master!$C:$C,MATCH(PDF!$F14,[1]Master!$H:$H,0)) -> 40.297545 | I14: =IFERROR(INDEX([1]Master!$G:$G,MATCH(PDF!$F14,[1]Master!$H:$H,0)),"1)") -> 0.66236446 | J14: =INDEX([1]Master!$J:$J,MATCH(PDF!$G14,[1]Master!$A:$A,0)) -> 45869
A15: 9 | B15: =INDEX([1]Master!$A:$A,MATCH(PDF!$A15,[1]Master!$H:$H,0)) -> India | C15: =INDEX([1]Master!$C:$C,MATCH(PDF!$A15,[1]Master!$H:$H,0)) -> 879.98 | D15: =IFERROR(INDEX([1]Master!$G:$G,MATCH(PDF!$A15,[1]Master!$H:$H,0)),"1)") -> 0.13771635 | E15: =INDEX([1]Master!$J:$J, MATCH(PDF!$B15,[1]Master!$A:$A,0)) -> 45898 | F15: 59 | G15: =INDEX([1]Master!$A:$A,MATCH(PDF!$F15,[1]Master!$H:$H,0)) -> Malaysia | H15: =INDEX([1]Master!$C:$C,MATCH(PDF!$F15,[1]Master!$H:$H,0)) -> 38.87904 | I15: =IFERROR(INDEX([1]Master!$G:$G,MATCH(PDF!$F15,[1]Master!$H:$H,0)),"1)") -> 0.034889228 | J15: =INDEX([1]Master!$J:$J,MATCH(PDF!$G15,[1]Master!$A:$A,0)) -> 45898
A16: 10 | B16: =INDEX([1]Master!$A:$A,MATCH(PDF!$A16,[1]Master!$H:$H,0)) -> Japan | C16: =INDEX([1]Master!$C:$C,MATCH(PDF!$A16,[1]Master!$H:$H,0)) -> 845.97309 | D16: =IFERROR(INDEX([1]Master!$G:$G,MATCH(PDF!$A16,[1]Master!$H:$H,0)),"1)") -> 0.070472281 | E16: =INDEX([1]Master!$J:$J, MATCH(PDF!$B16,[1]Master!$A:$A,0)) -> 45898 | F16: 60 | G16: =INDEX([1]Master!$A:$A,MATCH(PDF!$F16,[1]Master!$H:$H,0)) -> WAEMU3) | H16: =INDEX([1]Master!$C:$C,MATCH(PDF!$F16,[1]Master!$H:$H,0)) -> 36.522496 | I16: =IFERROR(INDEX([1]Master!$G:$G,MATCH(PDF!$F16,[1]Master!$H:$H,0)),"1)") -> 0.16351372 | J16: =INDEX([1]Master!$J:$J,MATCH(PDF!$G16,[1]Master!$A:$A,0)) -> 45747
A17: 11 | B17: =INDEX([1]Master!$A:$A,MATCH(PDF!$A17,[1]Master!$H:$H,0)) -> Turkey5) | C17: =INDEX([1]Master!$C:$C,MATCH(PDF!$A17,[1]Master!$H:$H,0)) -> 639.01153 | D17: =IFERROR(INDEX([1]Master!$G:$G,MATCH(PDF!$A17,[1]Master!$H:$H,0)),"1)") -> 0.43650102 | E17: =INDEX([1]Master!$J:$J, MATCH(PDF!$B17,[1]Master!$A:$A,0)) -> 45898 | F17: 61 | G17: =INDEX([1]Master!$A:$A,MATCH(PDF!$F17,[1]Master!$H:$H,0)) -> Ghana | H17: =INDEX([1]Master!$C:$C,MATCH(PDF!$F17,[1]Master!$H:$H,0)) -> 36.02 | I17: =IFERROR(INDEX([1]Master!$G:$G,MATCH(PDF!$F17,[1]Master!$H:$H,0)),"1)") -> 0.52929309 | J17: =INDEX([1]Master!$J:$J,MATCH(PDF!$G17,[1]Master!$A:$A,0)) -> Apr 2025
A18: 12 | B18: =INDEX([1]Master!$A:$A,MATCH(PDF!$A18,[1]Master!$H:$H,0)) -> Netherlands, The | C18: =INDEX([1]Master!$C:$C,MATCH(PDF!$A18,[1]Master!$H:$H,0)) -> 612.45373 | D18: =IFERROR(INDEX([1]Master!$G:$G,MATCH(PDF!$A18,[1]Master!$H:$H,0)),"1)") -> 0.69139336 | E18: =INDEX([1]Master!$J:$J, MATCH(PDF!$B18,[1]Master!$A:$A,0)) -> 45898 | F18: 62 | G18: =INDEX([1]Master!$A:$A,MATCH(PDF!$F18,[1]Master!$H:$H,0)) -> Peru | H18: =INDEX([1]Master!$C:$C,MATCH(PDF!$F18,[1]Master!$H:$H,0)) -> 34.670157 | I18: =IFERROR(INDEX([1]Master!$G:$G,MATCH(PDF!$F18,[1]Master!$H:$H,0)),"1)") -> 0.046284133 | J18: =INDEX([1]Master!$J:$J,MATCH(PDF!$G18,[1]Master!$A:$A,0)) -> Jul 2021
... A56: 50 | B56: =INDEX([1]Master!$A:$A,MATCH(PDF!$A56,[1]Master!$H:$H,0)) -> Czech Rep. | C56: =INDEX([1]Master!$C:$C,MATCH(PDF!$A56,[1]Master!$H:$H,0)) -> 65.259525 | D56: =IFERROR(INDEX([1]Master!$G:$G,MATCH(PDF!$A56,[1]Master!$H:$H,0)),"1)") -> 0.043521213 | E56: =INDEX([1]Master!$J:$J, MATCH(PDF!$B56,[1]Master!$A:$A,0)) -> 45898 | F56: 100 | G56: =INDEX([1]Master!$A:$A,MATCH(PDF!$F56,[1]Master!$H:$H,0)) -> Trinidad and Tobago | H56: =INDEX([1]Master!$C:$C,MATCH(PDF!$F56,[1]Master!$H:$H,0)) -> 1.9589105 | I56: =IFERROR(INDEX([1]Master!$G:$G,MATCH(PDF!$F56,[1]Master!$H:$H,0)),"1)") -> 0.046973601 | J56: =INDEX([1]Master!$J:$J,MATCH(PDF!$G56,[1]Master!$A:$A,0)) -> 45898
A60: WORLD OFFICIAL GOLD HOLDINGS
A61: =$A$4 -> International Financial Statistics, October 2025*
B63: Other | C63: Tonnes | D63: % of reserves** | E63: Holdings as of
B64: World6) | C64: =[1]Master!$C$174 -> 36359.452 | D64: =[1]Master!$G$174 -> 0.22367396 | E64: =[1]Master!$J$174 -> 45869
B65: Euro Area (incl. ECB) | C65: =[1]Master!$C$173 -> 10765.046 | D65: =[1]Master!$G$173 -> 0.67353293 | E65: =[1]Master!$J$173 -> 45898
